region,artist_name,title,permalink,machine_clusters_from_user_tags,machine_clusters_from_machine_tags,hits
Americas,"Jennifer Allora, Guillermo Calzadilla",Land Mark (Foot Prints) #12,https://kadist.org/work/land-mark-foot-prints-12/,"Cultural,Politics,Society","Society,Cultural,Material_Physical",2
Unspecified,Gabriel Kuri,Untitled (Ticket Roll),https://kadist.org/work/untitled-ticket-roll/,"Material_Physical,Society,Politics",,0
Americas,Renee Rhodes,Moving Clocks Change Rhythm,https://kadist.org/work/moving-clocks-change-rhythm/,"Cultural,Individual_Personal,Society","Individual_Personal,Material_Physical,Cultural",2
Americas,Fiamma Montezemolo,Fireflies,https://kadist.org/work/fireflies/,"Individual_Personal,Material_Physical,Society","Material_Physical,Politics,Individual_Personal",2
Europe,Mladen Stilinovic,Exploitation of the Dead,https://kadist.org/work/exploitation-of-the-dead/,"Cultural,Individual_Personal,Material_Physical","Cultural,Individual_Personal,Material_Physical",3
Unspecified,Federico Herrero,Arbol y Pelicao (Tree and Pelican),https://kadist.org/work/arbol-y-pelicao-tree-and-pelican/,"Cultural,Material_Physical,Society","Material_Physical,Cultural,Society",3
Americas,Jennifer Allora,Intermission (Halloween Iraq IV),https://kadist.org/work/intermission-halloween-iraq-iv/,"Society,Material_Physical,Cultural","Society,Politics,Material_Physical",2
Americas,Brenna Youngblood,Red Door,https://kadist.org/work/red-door/,"Material_Physical,Society","Cultural,Individual_Personal,Society",1
Europe,Francis Alÿs,Pink Man Walking on Boats with Woman Following,https://kadist.org/work/pink-man-walking-on-boats-with-woman-following/,"Cultural,Individual_Personal,Politics",,0
Europe,Francis Alÿs,Boat with Legs,https://kadist.org/work/boat-with-legs/,"Cultural,Individual_Personal,Politics",,0
Unspecified,Diego Rivera,Shasta,https://kadist.org/work/shasta/,"Cultural,Material_Physical,Society",Cultural,1
Americas,Bernardo Ortiz,Casa de la cabeza (House of the head),https://kadist.org/work/casa-de-la-cabeza/,"Cultural,Individual_Personal,Material_Physical","Individual_Personal,Cultural,Society",2
Unspecified,Gabriel Orozco,Perro en Tlalpan (Dog in Tlalpan),https://kadist.org/work/perro-en-tlalpan-dog-in-tlalpan/,"Material_Physical,Society,Individual_Personal","Material_Physical,Cultural,Society",2
Unspecified,José Leonilson,O Africano,https://kadist.org/work/o-africano/,"Society,Politics,Material_Physical","Individual_Personal,Society,Cultural",1
Americas,Gregory Crewdson,Forest Gathering N.2,https://kadist.org/work/forest-gathering-n-2/,"Cultural,Individual_Personal,Material_Physical","Cultural,Society,Individual_Personal",2
Europe,Michael Craig-Martin,Untitled (violet),https://kadist.org/work/untitled-violet/,Cultural,,0
Europe,Maria Bussman,Search for the origin of the work of art or on the way to Heidegger’s cabin,https://kadist.org/work/search-for-the-origin-of-the-work-of-art-or-on-the-way-to-heideggers-cabin/,"Cultural,Individual_Personal,Society","Cultural,Society,Material_Physical",2
Europe,Zarina Bhimji,Bapa Closed His Heart. It Was Over,https://kadist.org/work/bapa-closed-his-heart-it-was-over/,"Cultural,Material_Physical,Society","Politics,Society,Cultural",2
Europe,Ryan Gander,You see with no lights,https://kadist.org/work/you-see-with-no-lights/,"Cultural,Individual_Personal,Politics","Cultural,Material_Physical,Individual_Personal",2
Europe,Charlotte Moth,The Absent Forms,https://kadist.org/work/the-absent-forms/,"Material_Physical,Individual_Personal,Cultural","Cultural,Individual_Personal,Society",2
Europe,Douglas Gordon,Blind Spencer (Mirror),https://kadist.org/work/blind-spencer-mirror/,"Cultural,Individual_Personal,Material_Physical","Cultural,Individual_Personal,Society",2
Europe,Tacita Dean,Baobab,https://kadist.org/work/baobab/,"Cultural,Material_Physical,Individual_Personal",Individual_Personal,1
Europe,Joachim Koester,Tarantism,https://kadist.org/work/tarantism/,"Cultural,Individual_Personal,Society","Material_Physical,Individual_Personal,Cultural",2
Europe,Matthew Darbyshire,Untitled: Furniture Island No. 3,https://kadist.org/work/untitled-furniture-island-no-3/,"Cultural,Material_Physical","Cultural,Material_Physical,Individual_Personal",2
Europe,Tino Sehgal,This exhibition,https://kadist.org/work/this-exhibition/,"Material_Physical,Society,Individual_Personal",Material_Physical,1
Middle East & Africa,Guy Ben-Ner,Wild Boy,https://kadist.org/work/wild-boy/,"Individual_Personal,Cultural,Society","Cultural,Society,Individual_Personal",3
Asia,Vivek Vilasini,Housing Dreams Walls,https://kadist.org/work/housing-dreams-walls/,"Society,Material_Physical,Cultural","Material_Physical,Individual_Personal,Society",2
Middle East & Africa,Meschac Gaba,Hubert Maga (perruque MAVA-musée d'art de la vie active),https://kadist.org/work/untitled-29/,"Cultural,Material_Physical,Society","Society,Material_Physical,Individual_Personal",2
Europe,Haris Epaminonda,Tarahi V,https://kadist.org/work/tarahi-v/,"Society,Material_Physical,Cultural","Cultural,Individual_Personal,Material_Physical",2
Europe,Haris Epaminonda,Tarahi VI,https://kadist.org/work/tarahi-vi/,"Society,Material_Physical,Cultural","Cultural,Individual_Personal,Material_Physical",2
Asia,Meiro Koizumi,Inder Kommen Sie / It’s a Comedy,https://kadist.org/work/inder-kommen-sie-its-a-comedy/,"Cultural,Society,Material_Physical","Individual_Personal,Cultural,Society",2
Europe,Willie Doherty,Out of the Shadows II,https://kadist.org/work/out-of-the-shadows-ii/,"Society,Individual_Personal,Cultural","Cultural,Society,Individual_Personal",3
Europe,Michael Landy,H.2.N.Y Skeleton of the Dump,https://kadist.org/work/h-2-n-y-skeleton-of-the-dump/,"Cultural,Society,Individual_Personal","Individual_Personal,Cultural,Material_Physical",2
Europe,Francis Alÿs,The Nightwatch,https://kadist.org/work/the-nightwatch/,"Cultural,Society,Politics","Politics,Society,Cultural",3
Europe,Evariste Richer,Cumulonimbus capillatus incus,https://kadist.org/work/cumulonimbus-capillatus-incus/,Individual_Personal,"Cultural,Society,Individual_Personal",1
Europe,Eric Dizambourg,Le mouton noir,https://kadist.org/work/le-mouton-noir/,"Individual_Personal,Cultural,Society","Individual_Personal,Cultural,Society",3
Europe,Eric Dizambourg,Greffe sur patte,https://kadist.org/work/greffe-sur-patte/,"Material_Physical,Cultural","Individual_Personal,Cultural,Material_Physical",2
Americas,Jason Dodge,Above the Weather,https://kadist.org/work/above-the-weather/,"Cultural,Society,Politics","Cultural,Society,Individual_Personal",2
Europe,Simon Starling,Nachbau,https://kadist.org/work/nachbau/,"Society,Cultural,Politics","Cultural,Individual_Personal,Society",2
Americas,Natasha Wheat,"Be Oblivion, in Disconnect",https://kadist.org/work/be-oblivion-in-disconnect/,"Cultural,Material_Physical,Society","Individual_Personal,Cultural,Society",2
Americas,Hank Willis Thomas,I am the Greatest,https://kadist.org/work/i-am-the-greatest/,Material_Physical,"Material_Physical,Society,Individual_Personal",1
Americas,Jeffry Mitchell,The Carpenter,https://kadist.org/work/the-carpenter/,,"Cultural,Individual_Personal",0
Americas,Jeffry Mitchell,Man and Pet,https://kadist.org/work/man-and-pet/,"Cultural,Society,Material_Physical",Cultural,1
Americas,Jason Meadows,Do Not Pass Go,https://kadist.org/work/do-not-pass-go/,"Cultural,Individual_Personal,Society","Material_Physical,Society,Cultural",2
Americas,Colter Jacobsen,Untitled (Untitled Passport II),https://kadist.org/work/untitled-untitled-passport-ii/,"Cultural,Politics","Cultural,Individual_Personal,Material_Physical",1
Europe,Wernor Herzog,Hearsay of the Soul,https://kadist.org/work/hearsay-of-the-soul/,"Cultural,Individual_Personal,Material_Physical","Individual_Personal,Cultural,Material_Physical",3
Americas,Christopher Badger,Drowned Wood Standing Coiled,https://kadist.org/work/drowned-wood-standing-coiled/,"Material_Physical,Cultural,Individual_Personal","Individual_Personal,Cultural,Society",2
Americas,Jeffry Mitchell,The Swimmer,https://kadist.org/work/the-swimmer/,Society,Cultural,0
Americas,Daniel Joseph Martinez,I used to eat lemon meringue pie till I overloaded on my pancreas with sugar and passed out; It seemed to be a natural response to a society of abundance,https://kadist.org/work/i-used-to-eat-lemon-meringue-pie-till-i-overloaded-on-my-pancreas-with-sugar-and-passed-out-it-seemed-to-be-a-natural-response-to-a-society-of-abundance/,"Politics,Material_Physical,Cultural","Society,Individual_Personal,Politics",1
Americas,Charles Gaines,"Shadows V, Set of 3",https://kadist.org/work/shadows-v-set-of-3/,"Cultural,Society,Individual_Personal","Cultural,Society,Individual_Personal",3
Europe,Dora Garcia,Klau Mich,https://kadist.org/work/klau-mich/,"Cultural,Politics,Individual_Personal","Cultural,Society,Individual_Personal",2
Americas,Anthony Goicolea,Related 3b,https://kadist.org/work/related-3b/,"Politics,Material_Physical,Society","Cultural,Society,Politics",2
Americas,Anthony Goicolea,Related 3a,https://kadist.org/work/related-3a/,"Politics,Material_Physical,Society","Cultural,Society,Politics",2
Middle East & Africa,Walid Raad,Appendix XVIII: Plates,https://kadist.org/work/appendix-xviii-plates/,"Society,Material_Physical,Individual_Personal","Cultural,Society,Individual_Personal",2
Americas,Chloe Piene,Armless,https://kadist.org/work/armless/,Cultural,"Cultural,Individual_Personal",1
Asia,Pratchaya Phinthong,Untitled 2,https://kadist.org/work/untitled-2-2/,"Cultural,Material_Physical,Individual_Personal","Cultural,Individual_Personal,Material_Physical",3
Asia,Pratchaya Phinthong,Untitled 1,https://kadist.org/work/untitled-1/,"Cultural,Material_Physical,Individual_Personal","Cultural,Individual_Personal,Material_Physical",3
Asia,Pratchaya Phinthong,"What I learned I no longer know; the little I still know, I guessed",https://kadist.org/work/what-i-learned-i-no-longer-know-the-little-i-still-know-i-guessed/,"Cultural,Material_Physical,Society","Cultural,Material_Physical",2
Asia,Pratchaya Phinthong,If I dig a very deep hole,https://kadist.org/work/if-i-dig-a-very-deep-hole/,"Politics,Cultural,Material_Physical","Cultural,Individual_Personal",1
Americas,Gabriel Orozco,Columpio,https://kadist.org/work/columpio/,"Material_Physical,Society,Cultural",,0
Americas,Gabriel Orozco,Cemetery #1,https://kadist.org/work/cemetery-1/,"Material_Physical,Society,Cultural","Individual_Personal,Cultural,Material_Physical",2
Europe,Jean-Luc Moulène,Le noeud coulant,https://kadist.org/work/le-noeud-coulant/,"Individual_Personal,Material_Physical","Material_Physical,Cultural,Individual_Personal",2
Americas,Raymond Pettibon,Owl,https://kadist.org/work/owl/,"Cultural,Individual_Personal","Cultural,Individual_Personal,Material_Physical",2
Americas,Raymond Pettibon,No Title (Without the comics),https://kadist.org/work/no-title-without-the-comics/,"Cultural,Individual_Personal,Society","Cultural,Individual_Personal,Material_Physical",2
Americas,Raymond Pettibon,No Title (Eh What Do?),https://kadist.org/work/no-title-eh-what-do/,"Cultural,Individual_Personal,Material_Physical","Cultural,Individual_Personal,Material_Physical",3
Americas,Raymond Pettibon,Mushroom Cloud,https://kadist.org/work/mushroom-cloud/,"Cultural,Society,Material_Physical","Cultural,Individual_Personal,Material_Physical",2
Americas,Catherine Opie,Raven (gun),https://kadist.org/work/raven-gun/,"Individual_Personal,Society","Society,Cultural,Politics",1
Americas,Catherine Opie,Alistair Fate,https://kadist.org/work/alistair-fate/,"Cultural,Individual_Personal,Material_Physical","Society,Politics,Material_Physical",1
Americas,Catherine Opie,Mike and Sky,https://kadist.org/work/mike-and-sky/,"Individual_Personal,Material_Physical,Cultural","Individual_Personal,Cultural,Society",2
Americas,Shaun O'Dell,Purple Brush 8,https://kadist.org/work/purple-brush-8/,"Cultural,Material_Physical,Individual_Personal","Cultural,Society,Individual_Personal",2
Americas,Shaun O'Dell,"Temple Creek, a branch of Escalante River, Aquarius Plateau Utah n.d. (Stereoscopic view)",https://kadist.org/work/temple-creek-a-branch-of-escalante-river-aquarius-plateau-utah-n-d-stereoscopic-view/,"Cultural,Material_Physical","Cultural,Individual_Personal,Politics",1
Americas,Kristen Morgin,Jeep Comics,https://kadist.org/work/jeep-comics/,"Individual_Personal,Material_Physical,Cultural","Individual_Personal,Cultural,Material_Physical",3
Americas,Kristen Morgin,Donald of Doom Tank,https://kadist.org/work/donald-of-doom-tank/,"Cultural,Society,Material_Physical","Society,Material_Physical,Individual_Personal",2
Americas,Julio Cesar Morales,Undocumented Intervention,https://kadist.org/work/undocumented-intervention/,"Society,Material_Physical,Politics","Society,Politics,Cultural",2
Americas,Julio Cesar Morales,Interrupted Passage,https://kadist.org/work/interrupted-passage/,"Cultural,Society,Individual_Personal","Society,Cultural,Politics",2
Americas,Gareth Moore,"Map (from Uncertain Pilgrimage), 2006-2009",https://kadist.org/work/map-from-uncertain-pilgrimage-2006-2009/,"Cultural,Individual_Personal,Material_Physical","Cultural,Material_Physical,Society",2
Americas,Jason Meadows,Holly Golightly,https://kadist.org/work/holly-golightly/,"Cultural,Individual_Personal,Material_Physical","Cultural,Individual_Personal,Material_Physical",3
Americas,Paul McCarthy,Mickey Mouse,https://kadist.org/work/mickey-mouse/,"Cultural,Society,Material_Physical","Individual_Personal,Cultural,Society",2
Middle East & Africa,Miri Segal,"BRB (""be right back"")",https://kadist.org/work/brb-be-right-back/,"Cultural,Politics,Individual_Personal","Society,Cultural,Individual_Personal",2
Middle East & Africa,Fikret Atay,Rebels of the Dance,https://kadist.org/work/rebels-of-the-dance/,"Cultural,Society,Material_Physical","Individual_Personal,Material_Physical,Cultural",2
Americas,Eleanor Antin,100 Boots,https://kadist.org/work/100-boots/,"Politics,Cultural,Society","Cultural,Politics,Individual_Personal",2
Americas,Joe Scanlan,Spring Line,https://kadist.org/work/spring-line/,"Individual_Personal,Cultural,Material_Physical","Individual_Personal,Cultural,Material_Physical",3
Europe,Harun Farocki,"Serious Games 3, Immersion",https://kadist.org/work/immersion/,"Cultural,Society,Individual_Personal","Society,Cultural,Individual_Personal",3
Europe,Thea Djordjadze,And shadows will follow,https://kadist.org/work/and-shadows-will-follow/,"Politics,Cultural,Society","Cultural,Individual_Personal,Politics",2
Americas,Carlos Amorales,Useless Wonder,https://kadist.org/work/useless-wonder/,"Cultural,Individual_Personal,Society","Individual_Personal,Cultural,Material_Physical",2
Europe,Mathilde Rosier,Far from Honolulu,https://kadist.org/work/far-from-honolulu/,"Individual_Personal,Politics,Material_Physical","Individual_Personal,Material_Physical,Cultural",2
Americas,Stan Douglas,Michigan Central Station,https://kadist.org/work/michigan-central-station/,"Cultural,Politics,Society","Cultural,Society,Material_Physical",2
Americas,Nathaniel Dorsky,Untitled 6/10 i-xxii,https://kadist.org/work/untitled-610-i-xxii/,"Material_Physical,Cultural,Individual_Personal","Cultural,Individual_Personal,Material_Physical",3
Americas,Anthony Discenza,A Rising Tide Lifts All Boats,https://kadist.org/work/a-rising-tide-lifts-all-boats/,"Individual_Personal,Cultural,Material_Physical","Cultural,Individual_Personal,Society",2
Americas,Bjorn Copeland,"Sign series, #1, #2, #3",https://kadist.org/work/sign-series-123/,Cultural,"Cultural,Individual_Personal,Material_Physical",1
Unspecified,Juan Araujo,Libro Ponti II,https://kadist.org/work/libro-ponti-ii/,"Cultural,Material_Physical,Society","Cultural,Society,Individual_Personal",2
Americas,Bruce Conner,Untitled Inkblot Drawing (CT-1491),https://kadist.org/work/untitled-inkblot-drawing-ct-1491/,"Cultural,Individual_Personal,Society","Cultural,Society,Politics",2
Americas,Bruce Conner,"27 Punk Photos: 11. Dim Wanker: F Word, May, 1978",https://kadist.org/work/27-punk-photos-11-dim-wanker-f-word-may-1978/,"Cultural,Society,Material_Physical","Cultural,Material_Physical,Society",3
Americas,Judy Chicago,"Domes, #1",https://kadist.org/work/domes-1/,"Individual_Personal,Cultural,Society","Individual_Personal,Material_Physical,Cultural",2
Asia,Jiang Zhi,Tremble,https://kadist.org/work/tremble/,"Society,Cultural,Individual_Personal","Society,Material_Physical,Cultural",2
Asia,Qing Zhang,603 Football Field,https://kadist.org/work/603-football-field/,"Politics,Cultural,Society","Cultural,Society,Individual_Personal",2
Unspecified,Wibowo Woto aka Wok the Rock,Vertical Horizon,https://kadist.org/work/vertical-horizon/,"Cultural,Individual_Personal,Politics","Cultural,Material_Physical,Society",1
Americas,Adriano Costa,Westminster Agua Viva,https://kadist.org/work/westminster-agua-viva/,"Cultural,Society,Material_Physical","Individual_Personal,Material_Physical,Cultural",2
Middle East & Africa,Etel Adnan,Untitled (Beirut),https://kadist.org/work/untitled-beirut/,"Cultural,Material_Physical,Society","Material_Physical,Cultural,Society",3
Europe,Andrei Monastyrski,Golden Lines,https://kadist.org/work/golden-lines/,"Politics,Cultural,Society","Politics,Society,Cultural",3
Europe,Andrei Monastyrski,Aktionsplan (Map),https://kadist.org/work/aktionsplan/,"Cultural,Politics,Society","Politics,Cultural,Society",3
Europe,Taus Makhacheva,Let Me Be Part of a Narrative,https://kadist.org/work/let-me-be-part-narrative/,"Individual_Personal,Society,Cultural","Cultural,Individual_Personal,Society",3
Americas,Tim Lee,"Party for your right to fight, public enemy, 1988",https://kadist.org/work/party-for-your-right-to-fight-public-enemy-1988/,"Cultural,Individual_Personal,Society","Material_Physical,Society,Cultural",2
Americas,Tim Lee,"Untitled (Alexander Rodchenko, 1928)",https://kadist.org/work/untitled-alexander-rodchenko-1928/,"Cultural,Individual_Personal,Society","Individual_Personal,Material_Physical,Society",2
Americas,Luisa Lambri,Untitled (Sten-Frenke House #04),https://kadist.org/work/untitled-sten-frenke-house-04/,"Cultural,Material_Physical,Society","Cultural,Individual_Personal,Society",2
Americas,Luisa Lambri,"Untitled (Miller House, #02)",https://kadist.org/work/untitled-miller-house-02/,"Cultural,Material_Physical,Society","Cultural,Individual_Personal,Society",2
Americas,Paul Kos,Sound of Ice Melting,https://kadist.org/work/sound-of-ice-melting/,"Individual_Personal,Material_Physical,Cultural",,0
Americas,Edward Kienholz,Untitled (San Francisco),https://kadist.org/work/untitled-san-francisco/,"Society,Cultural,Material_Physical","Politics,Cultural,Society",2
Americas,Mike Kelley,"Towhead n’Ganga enclosed in darkness, lorded over by the sexualized folded high priestless form",https://kadist.org/work/towhead-nganga-enclosed-in-darkness-lorded-over-by-the-sexualized-folded-high-priestless-form/,"Material_Physical,Individual_Personal","Material_Physical,Individual_Personal,Cultural",2
Americas,Jordan Kantor,Eclipse,https://kadist.org/work/eclipse/,"Material_Physical,Individual_Personal,Politics","Individual_Personal,Cultural,Material_Physical",2
Americas,Jordan Kantor,Lens Flare,https://kadist.org/work/lens-flare/,"Cultural,Material_Physical,Society","Cultural,Individual_Personal,Material_Physical",2
Americas,Rodney Graham,Dance!!!,https://kadist.org/work/dance/,"Cultural,Politics,Individual_Personal","Individual_Personal,Cultural,Material_Physical",2
Americas,Tina Modotti,"Diego Rivera Mural: Billionaires Club; Ministry of Education, Mexico D.F., Third Gallery",https://kadist.org/work/diego-rivera-mural-billionaires-club-ministry-of-education-mexico-d-f-third-gallery/,"Society,Cultural,Material_Physical","Cultural,Society,Individual_Personal",2
Europe,Piero Golia,Untitled #1 #2 #3,https://kadist.org/work/untitled-1-2-3/,"Cultural,Society,Material_Physical","Individual_Personal,Cultural,Material_Physical",2
Americas,Rachel Foster,Editioned Screenprints,https://kadist.org/work/editioned-screenprints/,"Cultural,Politics,Individual_Personal","Cultural,Material_Physical,Individual_Personal",2
Americas,Dr. Lakra,Cortes y la malinche,https://kadist.org/work/cortes-y-la-malinche/,"Material_Physical,Cultural,Society",Cultural,1
Americas,Harrell Fletcher,The American War,https://kadist.org/work/the-american-war/,"Society,Cultural,Politics","Cultural,Individual_Personal,Society",2
Unspecified,Yoan Capote,Open Mind,https://kadist.org/work/open-mind/,"Material_Physical,Individual_Personal,Society","Politics,Individual_Personal,Society",2
Americas,Cildo Meireles,Sal Sem Carne,https://kadist.org/work/sal-sem-carne/,"Cultural,Material_Physical,Society",,0
Americas,Geoffrey Farmer,Ongoing Time Stabbed with a Dagger,https://kadist.org/work/ongoing-time-stabbed-with-a-dagger/,"Material_Physical,Cultural,Society","Cultural,Material_Physical,Individual_Personal",2
Americas,Stan Douglas,Dice,https://kadist.org/work/dice/,"Cultural,Society,Individual_Personal","Cultural,Individual_Personal,Society",3
Unspecified,Pedro Reyes,Study for a Recycling Device,https://kadist.org/work/study-for-a-recycling-device/,"Cultural,Individual_Personal,Society","Individual_Personal,Society,Material_Physical",2
Unspecified,Juan Araujo,Residencia Milan 1,https://kadist.org/work/residencia-milan-1/,"Cultural,Individual_Personal,Material_Physical","Cultural,Individual_Personal,Material_Physical",3
Unspecified,Alexandre da Cunha,Laissez-Faire (Rainbow Flag),https://kadist.org/work/laissez-faire-rainbow-flag/,"Cultural,Material_Physical,Society","Cultural,Society,Material_Physical",3
Unspecified,Johanna Calle,"Suburbia 1, Espinca bifida #3, Laconista7",https://kadist.org/work/suburbia-1-espinca-bifida-3-laconista7/,"Cultural,Individual_Personal,Material_Physical","Individual_Personal,Material_Physical,Politics",2
Americas,Chris Johanson,Apartment on Cardboard,https://kadist.org/work/apartment-on-cardboard/,"Society,Cultural,Individual_Personal","Cultural,Society,Individual_Personal",3
Unspecified,Raimond Chaves,Partituras,https://kadist.org/work/partituras/,"Politics,Individual_Personal,Material_Physical","Material_Physical,Cultural,Individual_Personal",2
Americas,Julian Hoeber,Execution Changes #22,https://kadist.org/work/execution-changes-22/,"Material_Physical,Individual_Personal,Cultural","Cultural,Society,Material_Physical",2
Americas,Todd Hido,Untitled 3737 and Untitled 5157,https://kadist.org/work/untitled-3737-and-untitled-5157/,"Cultural,Material_Physical","Material_Physical,Cultural,Individual_Personal",2
Unspecified,Abraham Cruzvillegas,Tres cadencias,https://kadist.org/work/tres-cadencias/,"Cultural,Society,Material_Physical","Cultural,Society,Individual_Personal",2
Americas,James Welling,Stowe,https://kadist.org/work/stowe/,"Cultural,Material_Physical,Society","Individual_Personal,Cultural,Society",2
Americas,James Welling,#17 Pink,https://kadist.org/work/17-pink/,"Material_Physical,Individual_Personal,Cultural","Cultural,Society,Individual_Personal",2
Americas,Ian Wallace,Study for my Heroes in the Street (Stan),https://kadist.org/work/study-for-my-heroes-in-the-street-stan/,"Individual_Personal,Cultural,Society","Society,Material_Physical,Politics",1
Americas,Ed Ruscha,Splinters and Seconal,https://kadist.org/work/splinters-and-seconal/,Material_Physical,"Cultural,Society,Material_Physical",1
Americas,Conrad Ruiz,New Fall Lineup,https://kadist.org/work/new-fall-lineup/,"Individual_Personal,Society,Cultural","Cultural,Individual_Personal,Material_Physical",2
Americas,Colter Jacobsen,Victory at Sea,https://kadist.org/work/victory-at-sea/,"Cultural,Politics","Cultural,Material_Physical",1
Europe,Alain Séchas,Peace and Love,https://kadist.org/work/peace-and-love/,"Politics,Society,Individual_Personal","Cultural,Material_Physical,Society",1
Europe,Roman Ondak,Awaiting Enacted,https://kadist.org/work/awaiting-enacted/,"Cultural,Politics,Society","Society,Politics,Material_Physical",2
Europe,Roman Ondak,Slowed-down Journey,https://kadist.org/work/slowed-down-journey/,"Cultural,Material_Physical,Society","Individual_Personal,Cultural,Material_Physical",2
Asia,Roman Ondak,The Stray Man,https://kadist.org/work/the-stray-man/,"Individual_Personal,Politics,Society","Politics,Cultural,Individual_Personal",2
Europe,Anthony McCall,Line describing a cone,https://kadist.org/work/line-describing-a-cone/,"Cultural,Individual_Personal,Material_Physical","Cultural,Politics,Individual_Personal",2
Europe,Anthony McCall,Fire Cycles III (Subcycle 10),https://kadist.org/work/fire-cycles-iii-subcycle-10/,"Individual_Personal,Cultural,Politics","Cultural,Material_Physical,Individual_Personal",2
Middle East & Africa,Akram Zaatari,"Anonymous, Studio Sherhazade",https://kadist.org/work/anonymous-studio-sherhazade/,"Cultural,Society,Individual_Personal",Cultural,1
Europe,Pavel Wolberg,Hebron,https://kadist.org/work/hebron/,"Society,Material_Physical,Cultural","Cultural,Society,Individual_Personal",2
Americas,Kelley Walker,Black Star Press,https://kadist.org/work/black-star-press/,"Society,Politics,Cultural","Individual_Personal,Cultural,Society",2
Americas,Colectivo Tercerunquinto,BF15+ pared,https://kadist.org/work/bf15-pared/,"Cultural,Society,Politics","Cultural,Politics,Individual_Personal",2
Europe,Christiane Baumgartner,Formation I + II,https://kadist.org/work/formation-i-ii/,"Cultural,Society,Individual_Personal","Individual_Personal,Material_Physical,Cultural",2
Europe,Michel Auder,The Town,https://kadist.org/work/the-town/,"Society,Material_Physical,Cultural","Cultural,Society,Individual_Personal",2
Europe,Michel Auder,Talking Head,https://kadist.org/work/talking-head/,"Individual_Personal,Cultural,Society","Cultural,Society,Politics",2
Middle East & Africa,Yto Barrada,Bus Logos,https://kadist.org/work/bus-logos/,"Cultural,Society,Material_Physical","Cultural,Politics,Society",2
Europe,Jochen Lempert,Un voyage en Mer du Nord ( A trip to the North Sea),https://kadist.org/work/un-voyage-en-mer-du-nord-a-trip-to-the-north-sea/,Material_Physical,"Cultural,Individual_Personal,Society",0
Europe,Bruno Serralongue,"Mr Joe Shrigley Jr, président de la nation Navajo",https://kadist.org/work/mr-joe-shrigley-jr-president-de-la-nation-navajo/,"Cultural,Society","Politics,Society,Cultural",2
Europe,Peter Friedl,"Map, 1969-2005",https://kadist.org/work/map-1969-2005/,"Cultural,Individual_Personal,Material_Physical","Individual_Personal,Cultural,Society",2
Europe,Peter Friedl,New Kurdish Flag,https://kadist.org/work/new-kurdish-flag/,"Material_Physical,Politics,Society","Cultural,Society,Individual_Personal",1
Europe,Guillaume Leblon,Puits,https://kadist.org/work/puits/,"Cultural,Society,Material_Physical","Individual_Personal,Cultural,Material_Physical",2
Americas,Allen Ruppersberg,Untitled (City Limits),https://kadist.org/work/untitled-city-limits/,"Society,Cultural,Politics",Individual_Personal,0
Americas,Alexis Smith,8 Ball Surfboard,https://kadist.org/work/8-ball-surfboard/,"Cultural,Material_Physical,Society","Society,Cultural",2
Europe,Raphaël Zarka,Les formes du repos #3,https://kadist.org/work/les-formes-du-repos-3/,"Material_Physical,Society,Cultural","Cultural,Politics,Material_Physical",2
Middle East & Africa,Akram Zaatari,A girl and her brother. Studio Sherazade. 1960s,https://kadist.org/work/a-girl-and-her-brother-studio-sherazade-1960s/,"Individual_Personal,Cultural,Politics",,0
Middle East & Africa,Akram Zaatari,Bashasha (left) and a friend. Studio Sherhazade,https://kadist.org/work/bashasha-left-and-a-friend-studio-sherhazade/,"Cultural,Society,Individual_Personal","Society,Politics,Material_Physical",1
Americas,Fabiola Torres-Alzaga,"Adaptando la Carta #1, #2, #3, #4, #5",https://kadist.org/work/adaptando-la-carta-1-2-3-4-5/,"Material_Physical,Individual_Personal,Cultural",Cultural,1
Americas,Petra Cortright,Sickhands,https://kadist.org/work/sickhands/,"Individual_Personal,Material_Physical,Cultural","Cultural,Material_Physical,Society",2
Americas,Petra Cortright,SpringValle_ber_girls,https://kadist.org/work/springvalle_ber_girls/,"Cultural,Individual_Personal,Society","Material_Physical,Society,Individual_Personal",2
Americas,John Houck,"Stamp -X, Stamp -Y",https://kadist.org/work/stamp-x-stamp-y/,"Individual_Personal,Material_Physical,Society","Cultural,Material_Physical,Politics",1
Asia,Xu Tan,"Biennale, Dog",https://kadist.org/work/biennale-dog/,"Cultural,Society,Politics","Cultural,Individual_Personal,Society",2
Asia,Xu Tan,Shanghai Biennale Awaiting Your Arrival,https://kadist.org/work/shanghai-biennale-awaiting-your-arrival/,"Cultural,Society,Individual_Personal","Cultural,Individual_Personal,Society",3
Middle East & Africa,Shahzia Sikander,The Last Post,https://kadist.org/work/the-last-post/,"Society,Cultural,Politics","Individual_Personal,Cultural,Material_Physical",1
Asia,Chen Shaoxiong,Ink Diary,https://kadist.org/work/ink-diary/,"Material_Physical,Cultural,Individual_Personal","Cultural,Individual_Personal,Material_Physical",3
Asia,Jiang Pengyi,Unregistered City series #1 #2 #7,https://kadist.org/work/unregistered-city-series-1-2-7/,"Cultural,Society,Material_Physical","Cultural,Society,Material_Physical",3
Asia,Zhang Peili,A Gust of Wind,https://kadist.org/work/a-gust-of-wind/,"Society,Individual_Personal,Cultural","Cultural,Individual_Personal,Society",3
Unspecified,Ho Tzu Nyen,The Cloud of Unknowing,https://kadist.org/work/the-cloud-of-unknowing/,"Politics,Society,Material_Physical","Material_Physical,Individual_Personal,Cultural",1
Europe,Eric Baudelaire,"The Anabasis of May and Fusako Shigenobu, Masao Adachi, and 27 Years without Images.",https://kadist.org/work/the-anabasis-of-may-and-fusako-shigenobu-masao-adachi-and-27-years-without-images/,"Cultural,Material_Physical,Politics","Cultural,Society,Individual_Personal",1
Europe,Charles Avery,"Untitled (Waiters dancing with Itinerants, Onomatopoeia)",https://kadist.org/work/untitled-waiters-dancing-with-itinerants-onomatopoeia/,"Material_Physical,Politics,Society","Cultural,Society,Politics",2
Americas,LaToya Ruby Frazier,Campaign for Braddock Hospital,https://kadist.org/work/campaign-for-braddock-hospital/,"Society,Material_Physical,Individual_Personal","Cultural,Society,Material_Physical",2
Europe,Goshka Macuga,Anti-Collage (Anda Rottenberg),https://kadist.org/work/anti-collage-anda-rottenberg/,"Politics,Society,Material_Physical","Cultural,Material_Physical,Individual_Personal",1
Americas,Tony Oursler,Absentia,https://kadist.org/work/absentia/,Cultural,"Material_Physical,Cultural,Society",1
Unspecified,Claudia Joskowicz,Drawn and Quartered,https://kadist.org/work/drawn-and-quartered/,"Cultural,Material_Physical,Society","Cultural,Individual_Personal,Society",2
Unspecified,Claudia Joskowicz,Vallegrande 1967,https://kadist.org/work/vallegrande-1967/,"Cultural,Politics,Material_Physical","Cultural,Individual_Personal,Society",1
Unspecified,Nicolás Paris,Metaphors of the presence or conversations at the speed of light,https://kadist.org/work/metaphors-of-the-presence-or-conversations-at-the-speed-of-light/,"Individual_Personal,Cultural,Material_Physical","Cultural,Society,Individual_Personal",2
Unspecified,Erick Beltran,The Individual Is a Mirage,https://kadist.org/work/the-individual-is-a-mirage/,"Individual_Personal,Cultural","Cultural,Individual_Personal,Society",2
Americas,Pablo Rasgado,Avenida Corona del Rosal,https://kadist.org/work/avenida-corona-del-rosal/,"Material_Physical,Politics,Society","Society,Material_Physical,Politics",3
Asia,Adrian Wong,Untitled (Grate I/II: Shan Mei Playground/ Grand Fortune Mansion),https://kadist.org/work/untitled-grate-iii-shan-mei-playground-grand-fortune-mansion/,"Material_Physical,Society,Cultural","Material_Physical,Society,Individual_Personal",2
Asia,Sriwhana Spong,Beach Study,https://kadist.org/work/beach-study/,"Cultural,Material_Physical,Individual_Personal","Individual_Personal,Cultural,Material_Physical",3
Asia,Takahiro Iwasaki,Tectonic Model,https://kadist.org/work/tectonic-model/,"Cultural,Individual_Personal,Society",Cultural,1
Asia,Takahiro Iwasaki,Edinburgh Castle on the Bin Bag,https://kadist.org/work/edinburgh-castle-on-the-bin-bag/,"Material_Physical,Individual_Personal,Cultural","Individual_Personal,Material_Physical,Society",2
Americas,Juan Capistran,White Minority,https://kadist.org/work/white-minority/,"Cultural,Individual_Personal","Individual_Personal,Cultural,Material_Physical",2
Americas,Juan Capistran,The Breaks,https://kadist.org/work/the-breaks/,"Material_Physical,Cultural,Individual_Personal","Cultural,Society,Material_Physical",2
Americas,Jedediah Caesar,JCA-25-SC,https://kadist.org/work/jca-25-sc/,Cultural,"Society,Cultural,Individual_Personal",1
Americas,Luke Butler,Captain X,https://kadist.org/work/captain-x/,"Cultural,Individual_Personal,Politics","Individual_Personal,Cultural,Material_Physical",2
Americas,Jennifer Bornstein,Collectors’ Favorites,https://kadist.org/work/collectors-favorites/,"Cultural,Society,Material_Physical","Cultural,Society,Material_Physical",3
Americas,Walead Beshty,"Black Curl (CMY/Five Magnet: Irvine, California, March 25, 2010, Fujicolor Cyrstal Archive Super Type C, EM No 165-021, 05910)",https://kadist.org/work/black-curl-cmyfive-magnet-irvine-california-march-25-2010-fujicolor-cyrstal-archive-super-type-c-em-no-165-021-05910/,"Material_Physical,Cultural,Individual_Personal","Cultural,Individual_Personal,Society",2
Americas,Wallace Berman,Untitled (Shuffle),https://kadist.org/work/untitled-shuffle/,"Cultural,Individual_Personal,Society","Cultural,Individual_Personal,Material_Physical",2
Americas,David Berezin,Are You Lonely Mr. Claus?,https://kadist.org/work/are-you-lonely-mr-claus/,"Cultural,Individual_Personal,Material_Physical",Material_Physical,1
Americas,David Berezin,Eric Goes to Jail,https://kadist.org/work/eric-goes-jail/,"Cultural,Individual_Personal,Material_Physical","Society,Politics,Material_Physical",1
Europe,Arseniy Zhilyaev,"Time Is Working on Kommunism, 2010",https://kadist.org/work/time-is-working-on-kommunism-2010/,"Society,Cultural,Material_Physical","Society,Cultural,Individual_Personal",2
Europe,Bernard Piffaretti,Untitled,https://kadist.org/work/no-title/,"Material_Physical,Individual_Personal,Politics","Individual_Personal,Cultural,Material_Physical",2
Europe,Adrien Missika,Botanical Frottage (Lauren),https://kadist.org/work/botanical-frottage-lauren/,"Cultural,Material_Physical,Individual_Personal","Cultural,Society,Material_Physical",2
Europe,Pablo Pijnappel,Felicitas,https://kadist.org/work/felicitas/,"Cultural,Society,Politics","Cultural,Individual_Personal,Material_Physical",1
Europe,Jonathan Monk,Untitled (Rolled up),https://kadist.org/work/untitled-rolled-up/,"Material_Physical,Individual_Personal,Cultural","Individual_Personal,Politics,Material_Physical",2
Europe,Dora Garcia,What a fucking wonderful audience,https://kadist.org/work/what-a-fucking-wonderful-audience/,"Society,Cultural,Politics",Cultural,1
Europe,Lars Laumann,Berlinmuren,https://kadist.org/work/berlinmuren/,"Cultural,Individual_Personal,Society","Cultural,Society,Individual_Personal",3
Middle East & Africa,Omer Fast,A Tank Translated,https://kadist.org/work/a-tank-translated/,"Individual_Personal,Society,Material_Physical","Society,Individual_Personal,Material_Physical",3
Europe,Maaike Schoorel,The Garden,https://kadist.org/work/the-garden/,"Material_Physical,Society","Material_Physical,Individual_Personal,Cultural",1
Europe,Dominique Petitgand,Le bout de la langue,https://kadist.org/work/le-bout-de-la-langue/,"Individual_Personal,Cultural,Society","Cultural,Individual_Personal,Material_Physical",2
Americas,Miguel Angel Rojas,Medellín-New York,https://kadist.org/work/medellin-new-york/,"Society,Cultural,Politics","Material_Physical,Society,Cultural",2
Americas,Valeska Soares,La Ligne du Temps,https://kadist.org/work/la-ligne-du-temps/,"Individual_Personal,Material_Physical,Society","Cultural,Individual_Personal",1
Europe,Jonathan Monk,Something contained removed,https://kadist.org/work/something-contained-removed/,"Cultural,Material_Physical,Society",,0
Americas,Jonathan Monk,Happy Birthday,https://kadist.org/work/happy-birthday/,"Cultural,Material_Physical,Individual_Personal",,0
Americas,Daria Martin,Soft Materials,https://kadist.org/work/soft-materials/,"Cultural,Politics,Individual_Personal","Cultural,Politics,Society",2
Europe,Julius Koller,Anti-Happening,https://kadist.org/work/anti-happening/,"Individual_Personal,Material_Physical,Politics","Individual_Personal,Cultural,Society",1
Asia,Young-Hae Chang Heavy Industries,PACIFIC LIMN,https://kadist.org/work/pacific-limn/,"Cultural,Individual_Personal,Material_Physical","Individual_Personal,Society,Cultural",2
Unspecified,Apichatpong Weerasethakul,Haunted Houses,https://kadist.org/work/haunted-houses/,"Individual_Personal,Cultural","Cultural,Individual_Personal,Material_Physical",2
Asia,Du Zhenjun,The Tower of Babel: Independence of the country,https://kadist.org/work/the-tower-of-babel-independence-of-the-country/,"Material_Physical,Politics,Society","Society,Cultural,Material_Physical",2
Asia,Du Zhenjun,The Tower of Babel: The Carnaval,https://kadist.org/work/the-tower-of-babel-the-carnaval/,"Material_Physical,Politics,Society","Society,Cultural,Material_Physical",2
Asia,Qiu Anxiong,Portrait: Cover and Clean,https://kadist.org/work/portrait-cover-and-clean/,"Cultural,Material_Physical,Individual_Personal","Material_Physical,Individual_Personal",2
Europe,Andrew Grassie,After the Archive Collections Room,https://kadist.org/work/after-the-archive/,"Material_Physical,Society,Politics","Material_Physical,Politics,Individual_Personal",2
Americas,Pascal Grandmaison,Solo,https://kadist.org/work/solo/,"Cultural,Individual_Personal,Material_Physical","Politics,Society,Cultural",1
Europe,Vidya Gastaldon,Floating Mountain (Mt Hemo),https://kadist.org/work/floating-mountain/,"Cultural,Individual_Personal,Society","Cultural,Material_Physical,Individual_Personal",2
Unspecified,Sergio De La Torre,Nuevo Dragon City,https://kadist.org/work/nuevo-dragon-city/,"Cultural,Society,Politics","Cultural,Politics,Society",3
Unspecified,Miguel Calderon,Tropical Vulture,https://kadist.org/work/tropical-vulture/,"Individual_Personal,Material_Physical,Society","Individual_Personal,Society,Cultural",2
Americas,Nao Bustamante,Silver & Gold,https://kadist.org/work/silver-gold/,"Cultural,Politics,Individual_Personal","Material_Physical,Cultural,Individual_Personal",2
Unspecified,Alexandre Arrechea,White Corner,https://kadist.org/work/white-corner/,"Cultural,Society,Politics","Cultural,Individual_Personal,Society",2
Asia,Tomoko Yoneda,Japanese House Series,https://kadist.org/work/japanese-house-series/,"Society,Cultural,Individual_Personal","Cultural,Society,Material_Physical",2
Asia,Lin Yilin,The Result of 1000 Pieces,https://kadist.org/work/the-result-of-1000-pieces/,"Material_Physical,Society,Cultural","Material_Physical,Individual_Personal,Society",2
Asia,Lin Yilin,Safely Maneuvering Across Lin He Road,https://kadist.org/work/safely-maneuvering-across-lin-he-road/,"Cultural,Politics,Individual_Personal","Society,Politics,Cultural",2
Asia,Haegue Yang,Office Voodoo,https://kadist.org/work/office-voodoo/,"Material_Physical,Society,Politics","Material_Physical,Individual_Personal",1
Asia,Sun Xun,21 Ke (21 Grams),https://kadist.org/work/21-ke-21-grams/,"Cultural,Society,Individual_Personal","Cultural,Individual_Personal,Material_Physical",2
Asia,Kan Xuan,Island,https://kadist.org/work/island/,"Cultural,Society,Individual_Personal","Cultural,Society,Material_Physical",2
Americas,Brian Jungen,"Subject, Silver, Prism",https://kadist.org/work/subject-silver-prism/,"Cultural,Society,Material_Physical","Society,Politics,Material_Physical",2
Americas,William E. Jones,"Restaurant, Canton, Ohio",https://kadist.org/work/restaurant-canton-ohio/,"Society,Cultural,Politics","Cultural,Society,Individual_Personal",2
Americas,William E. Jones,"Hercules Engines, Abandoned, Canton, Ohio",https://kadist.org/work/hercules-engines-abandoned-canton-ohio/,"Cultural,Society,Politics","Cultural,Politics,Society",3
Americas,William E. Jones,Killed,https://kadist.org/work/killed/,"Cultural,Society,Material_Physical","Cultural,Individual_Personal,Material_Physical",2
Americas,Chris Johanson,"I am Human, Abstract Foil, No Humans IV",https://kadist.org/work/i-am-human-abstract-foil-no-humans-iv/,"Material_Physical,Individual_Personal","Individual_Personal,Cultural,Material_Physical",2
Unspecified,Alexandre da Cunha,Glaze (Savana),https://kadist.org/work/glaze-savana/,"Cultural,Individual_Personal,Society","Cultural,Society,Individual_Personal",3
Unspecified,Abraham Cruzvillegas,Wright Imperial Hotel,https://kadist.org/work/wright-imperial-hotel/,"Society,Politics,Cultural","Cultural,Material_Physical,Society",2
Americas,Fran Herndon,White Angel,https://kadist.org/work/white-angel/,"Society,Cultural,Material_Physical","Cultural,Society,Individual_Personal",2
Americas,Karl Haendel,Knight #6,https://kadist.org/work/knight-6/,"Cultural,Individual_Personal,Politics",Cultural,1
Americas,John Gutmann,From the North Tower of the Golden Gate Bridge San Francisco and Nob Hill San Francisco,https://kadist.org/work/from-the-north-tower-of-the-golden-gate-bridge-san-francisco-and-nob-hill-san-francisco/,"Cultural,Material_Physical,Society","Cultural,Material_Physical,Society",3
Unspecified,Jonathan Hernandez,Vulnerabilia,https://kadist.org/work/vulnerabilia-choques-and-vulnerabilia-naufragios/,"Politics,Material_Physical,Individual_Personal","Material_Physical,Cultural,Society",1
Americas,Mark Grotjahn,Untitled (Butterfly),https://kadist.org/work/untitled-butterfly/,"Individual_Personal,Cultural,Material_Physical","Material_Physical,Cultural,Politics",2
Unspecified,Carlos Garaicoa,From the series the Old and the New (XI),https://kadist.org/work/from-the-series-the-old-and-the-new-xi/,"Cultural,Society","Cultural,Society,Individual_Personal",2
Americas,Rodney Graham,Basement Camera Shop circa 1937,https://kadist.org/work/basement-camera-shop-circa-1937/,"Cultural,Individual_Personal,Society","Cultural,Individual_Personal,Material_Physical",2
Americas,Rodney Graham,Good Hand Bad Hand,https://kadist.org/work/good-hand-bad-hand/,"Cultural,Individual_Personal,Politics","Cultural,Society,Individual_Personal",2
Unspecified,Tina Modotti,Untitled (Cathedral),https://kadist.org/work/untitled-cathedral/,"Cultural,Society,Individual_Personal","Cultural,Politics,Society",2
Americas,Rodney Graham,Ponderosa Pine IV,https://kadist.org/work/ponderosa-pine-iv/,"Cultural,Material_Physical,Society","Cultural,Material_Physical,Individual_Personal",2
Americas,Barry McGee,Untitled,https://kadist.org/work/untitled-barry-mcgee/,Politics,"Cultural,Individual_Personal,Material_Physical",0
Middle East & Africa,Maayan Amir & Ruti Sela,Beyond Guilt,https://kadist.org/work/beyond-guilt/,"Society,Material_Physical,Politics","Society,Material_Physical,Individual_Personal",2
Europe,Saâdane Afif,Lyrics: Edition,https://kadist.org/work/lyrics-edition/,"Cultural,Society",,0
Europe,Jonas Staal,"Art, Property of Politics III, Closes Architecture",https://kadist.org/work/art-property-of-politics-iii-closes-architecture/,"Politics,Individual_Personal,Society","Individual_Personal,Society,Politics",3
Europe,Nicoline van Harskamp,Character Witness,https://kadist.org/work/character-witness/,"Cultural,Society,Individual_Personal","Cultural,Individual_Personal,Material_Physical",2
Europe,Goldin+Senneby,The Decapitation of Money,https://kadist.org/work/the-decapitation-of-money/,"Cultural,Society,Individual_Personal","Individual_Personal,Cultural,Society",3
Americas,Amie Siegel,Berlin Remake,https://kadist.org/work/berlin-remake/,"Material_Physical,Politics,Society","Cultural,Material_Physical,Individual_Personal",1
Europe,Christoph Keller,Message to the Extraterrestials,https://kadist.org/work/message-to-the-extraterrestials/,"Cultural,Individual_Personal,Material_Physical","Cultural,Individual_Personal,Material_Physical",3
Asia,Cao Fei,Diversionist,https://kadist.org/work/diversionist/,"Individual_Personal,Cultural,Politics","Cultural,Society,Individual_Personal",2
Asia,Lu Chunsheng,History of Chemistry I,https://kadist.org/work/history-of-chemistry-i/,"Cultural,Society,Material_Physical","Cultural,Material_Physical,Society",3
Asia,Lu Chunsheng,I Want to be Gentleman,https://kadist.org/work/i-want-to-be-gentleman/,"Society,Material_Physical,Individual_Personal","Cultural,Individual_Personal,Material_Physical",2
Middle East & Africa,Bani Abidi,"Karachi Series 1 (Ken DeSouza, 7:42pm, 25th August 2008, Ramadan, Karachi)",https://kadist.org/work/karachi-series-1-ken-desouza-742pm-25th-august-2008-ramadan-karachi/,"Material_Physical,Individual_Personal,Society","Cultural,Individual_Personal,Society",2
Middle East & Africa,Hamra Abbas,"Cityscapes 1 (boats), 2 (woods)",https://kadist.org/work/cityscapes-1-boats-2-woods/,"Material_Physical,Individual_Personal,Society","Cultural,Material_Physical,Society",2
Americas,Mario Ybarra Jr.,Ammo Bunker,https://kadist.org/work/ammo-bunker/,"Cultural,Society,Material_Physical","Society,Material_Physical,Individual_Personal",2
Americas,Natasha Wheat,Kerosene Triptych,https://kadist.org/work/kerosene-triptych/,"Society,Cultural,Material_Physical","Cultural,Society,Politics",2
Americas,Ian Wallace,Untitled (Breathless),https://kadist.org/work/untitled-breathless/,"Cultural,Society,Politics","Cultural,Material_Physical,Individual_Personal",1
Americas,Jeff Wall,Pipe Opening,https://kadist.org/work/pipe-opening/,"Material_Physical,Individual_Personal,Cultural","Cultural,Individual_Personal,Material_Physical",3
Americas,George Pfau,Framing Cannibal (Standing),https://kadist.org/work/framing-cannibal-standing/,"Cultural,Material_Physical,Individual_Personal",,0
Americas,George Pfau,Decomposing Eternally,https://kadist.org/work/decomposing-eternally/,"Material_Physical,Individual_Personal",,0
Americas,George Pfau,"Zombie, Examined",https://kadist.org/work/zombie-examined/,"Material_Physical,Individual_Personal","Material_Physical,Individual_Personal",2
Americas,Asha Schechter,"Picture 066b (Rubiks Cube, Clear Book, Clubmasters, Rubiks Cube, Vintage Pictures Retro Photos Cotton Fabric, Thumb Tack)",https://kadist.org/work/picture-066b-rubiks-cube-clear-book-clubmasters-rubiks-cube-vintage-pictures-retro-photos-cotton-fabric-thumb-tack/,"Material_Physical,Politics,Individual_Personal","Cultural,Individual_Personal,Material_Physical",2
Americas,Pascal Shirley,Gypsy,https://kadist.org/work/gypsy/,"Individual_Personal,Society,Politics","Material_Physical,Society,Individual_Personal",2
Americas,Pascal Shirley,Oakland Girls,https://kadist.org/work/oakland-girls/,"Cultural,Material_Physical,Society","Cultural,Material_Physical,Individual_Personal",2
Americas,James Weeks,Head-Portrait with Red and Blue Background,https://kadist.org/work/head-portrait-with-red-and-blue-background/,"Society,Material_Physical,Politics","Material_Physical,Individual_Personal,Society",2
Americas,James Weeks,Man with Blue Tie,https://kadist.org/work/man-with-blue-tie/,"Society,Material_Physical,Cultural","Material_Physical,Individual_Personal,Society",2
Europe,John Wood & Paul Harrison,Board,https://kadist.org/work/board/,"Politics,Cultural,Society","Material_Physical,Individual_Personal,Politics",1
Europe,Ulla von Brandenburg,Eight,https://kadist.org/work/eight/,"Material_Physical,Individual_Personal,Cultural","Cultural,Material_Physical,Society",2
Europe,Anri Sala,Ghost games,https://kadist.org/work/ghost-games/,"Individual_Personal,Material_Physical,Society","Cultural,Society,Individual_Personal",2
Europe,Zbigniew Rogalski,Crash Position I,https://kadist.org/work/crash-position-i/,"Cultural,Individual_Personal,Material_Physical","Cultural,Individual_Personal,Material_Physical",3
Americas,Paul McCarthy,Memory Mistake of the Eldridge Cleaver Pants,https://kadist.org/work/memory-mistake-of-the-eldridge-cleaver-pants/,"Society,Material_Physical,Cultural","Cultural,Material_Physical,Individual_Personal",2
Americas,Alicia McCarthy,Untitled (The way in is the way out),https://kadist.org/work/untitled-the-way-in-is-the-way-out/,"Cultural,Material_Physical","Individual_Personal,Material_Physical,Cultural",2
Americas,Sharon Lockhart,"Visalia Livestock Market, Visalia, California",https://kadist.org/work/visalia-livestock-market-visalia-california/,"Society,Cultural,Politics","Material_Physical,Society,Individual_Personal",1
Americas,Matt Lipps,Untitled (Women),https://kadist.org/work/untitled-women/,"Cultural,Individual_Personal,Material_Physical","Material_Physical,Cultural,Society",2
Americas,Matt Lipps,Untitled (Men),https://kadist.org/work/untitled-men/,"Cultural,Society,Individual_Personal","Cultural,Material_Physical,Society",2
Americas,Tim Lee,"Untitled (Buster Keaton, 1897)",https://kadist.org/work/untitled-buster-keaton-1897/,"Cultural,Individual_Personal,Society","Cultural,Material_Physical,Individual_Personal",2
Americas,Leonardogillesfleur,Action 26:15,https://kadist.org/work/action-2615/,"Material_Physical,Individual_Personal,Society","Politics,Society,Cultural",1
Americas,Leonardogillesfleur,Action 3:02,https://kadist.org/work/action-302/,"Cultural,Society,Material_Physical","Politics,Cultural,Society",2
Americas,Tony Labat,I Want You,https://kadist.org/work/i-want-you/,"Cultural,Society,Politics","Cultural,Individual_Personal,Material_Physical",1
Americas,George Kuchar,Burrito Bay,https://kadist.org/work/burrito-bay/,"Cultural,Politics,Material_Physical","Material_Physical,Individual_Personal,Society",1
Americas,Desiree Holman,Reborn,https://kadist.org/work/reborn/,"Individual_Personal,Cultural,Politics",,0
Americas,Lynn Hershman Leeson,!Women Art Revolution,https://kadist.org/work/women-art-revolution/,"Individual_Personal,Cultural,Politics","Cultural,Society,Politics",2
Americas,Kate Gilmore,Higher Horse,https://kadist.org/work/higher-horse/,"Society,Individual_Personal",Society,1
Americas,Luis Garciga,Destinos Posibles (Possible Destinations),https://kadist.org/work/destinos-posibles-possible-destinations/,"Individual_Personal,Society,Cultural","Individual_Personal,Society,Material_Physical",2
Americas,Ana Teresa Fernandez,Borrando la Frontera,https://kadist.org/work/borrando-la-frontera/,"Material_Physical,Politics,Society",,0
Unspecified,Felipe Dulzaides,Scene I am Cuba,https://kadist.org/work/scene-i-am-cuba/,"Cultural,Society,Material_Physical","Cultural,Society,Politics",2
Europe,Hans Peter Feldmann,Teapot with shadow,https://kadist.org/work/teapot-with-shadow/,Material_Physical,"Cultural,Individual_Personal,Material_Physical",1
Europe,Hans Peter Feldmann,Hat with photograph,https://kadist.org/work/hat-with-photograph/,"Cultural,Material_Physical,Society","Cultural,Individual_Personal,Material_Physical",2
Europe,Hans Peter Feldmann,Pair of shoes / Shoes with eggs,https://kadist.org/work/pair-of-shoes-shoes-with-eggs/,"Individual_Personal,Material_Physical,Politics","Cultural,Individual_Personal,Material_Physical",2
Europe,Martin Creed,Work No. 299,https://kadist.org/work/work-no-299/,"Material_Physical,Individual_Personal,Cultural","Cultural,Individual_Personal,Society",2
Americas,"Jennifer Allora, Guillermo Calzadilla",The Nature of Conflict,https://kadist.org/work/the-nature-of-conflict/,"Society,Cultural,Politics","Individual_Personal,Cultural,Material_Physical",1
Americas,"Jennifer Allora, Guillermo Calzadilla",Land Mark (Foot Prints) #10,https://kadist.org/work/land-mark-foot-prints-10/,"Cultural,Politics,Society","Society,Cultural,Material_Physical",2
Asia,Xiaoyun CHEN,Drag,https://kadist.org/work/drag/,"Cultural,Individual_Personal,Society","Individual_Personal,Society,Material_Physical",2
Asia,Sheung-Chuen,New York Public Library Projects (NYPLP),https://kadist.org/work/new-york-public-library-projects-nyplp/,"Cultural,Society,Individual_Personal","Cultural,Individual_Personal,Material_Physical",2
Unspecified,Ming Wong,Making Chinatown,https://kadist.org/work/making-chinatown/,"Cultural,Society,Individual_Personal","Cultural,Individual_Personal,Material_Physical",2
Americas,Geof Oppenheimer,Anthems,https://kadist.org/work/anthems/,"Material_Physical,Society","Politics,Individual_Personal,Material_Physical",1
Middle East & Africa,Haig Aivazian,"At every sunset, I think of you. Not because of some sense of beauty, but simply because I become acutely aware of how much time has passed since I last saw you, #3",https://kadist.org/work/every-sunset/,"Individual_Personal,Cultural,Society",Material_Physical,0
Europe,Edith DEKYNDT,Dead Sea Drawing,https://kadist.org/work/dead-sea-drawing/,"Material_Physical,Society,Individual_Personal","Cultural,Individual_Personal,Society",2
Europe,Laure Prouvost,Stong Sory Vegetables,https://kadist.org/work/stong-sory-vegetables/,"Material_Physical,Individual_Personal,Cultural","Material_Physical,Individual_Personal,Society",2
Europe,Loretta Fahrenholz,Ditch Plains,https://kadist.org/work/ditch-plains/,"Cultural,Individual_Personal,Material_Physical","Cultural,Material_Physical,Society",2
Europe,Marc Nagtzaam,Installation #1,https://kadist.org/work/installation-1/,"Cultural,Material_Physical,Society","Individual_Personal,Cultural,Material_Physical",2
Americas,Rachel Rose,A Minute Ago,https://kadist.org/work/a-minute-ago/,"Politics,Society,Material_Physical","Cultural,Society,Material_Physical",2
Americas,Marwa Arsanios,Carlton Hotel project,https://kadist.org/work/carlton-hotel-project/,"Cultural,Society,Politics","Society,Individual_Personal,Politics",2
Americas,Marwa Arsanios,I heard stories,https://kadist.org/work/i-heard-stories/,"Individual_Personal,Society,Cultural","Cultural,Society,Individual_Personal",3
Middle East & Africa,Setareh Shahbazi,Spectral Days,https://kadist.org/work/spectral-days/,"Cultural,Politics","Cultural,Individual_Personal,Material_Physical",1
Americas,Patty Chang,Shangri-La,https://kadist.org/work/shangri-la/,"Society,Cultural,Individual_Personal","Individual_Personal,Cultural,Society",3
Americas,Matthew Buckingham,"The six grandfathers, Paha Sapa, in the year 502 002",https://kadist.org/work/the-six-grandfathers-paha-sapa-in-the-year-502-002/,"Cultural,Individual_Personal,Material_Physical","Cultural,Material_Physical,Society",2
Europe,Elina Brotherus,Der Wanderer 3,https://kadist.org/work/der-wanderer-3/,"Cultural,Individual_Personal,Society","Cultural,Material_Physical,Individual_Personal",2
Europe,Olaf Breuning,We only move wehen something changes,https://kadist.org/work/we-only-move-when-something-changes/,"Politics,Individual_Personal,Material_Physical","Individual_Personal,Cultural,Politics",2
Europe,Mohamed Bourouissa,Temps mort,https://kadist.org/work/temps-mort/,"Material_Physical,Individual_Personal,Cultural","Cultural,Material_Physical,Society",2
Americas,Barbara Bloom,The Bedroom,https://kadist.org/work/the-bedroom/,"Cultural,Society,Material_Physical","Material_Physical,Individual_Personal,Society",2
Middle East & Africa,ATLAS GROUP / Walid Raad,"Notebook, volume 38 : Already been in a Lake of Fire",https://kadist.org/work/notebook-volume-38-already-been-in-a-lake-of-fire/,"Society,Material_Physical,Politics","Cultural,Individual_Personal,Material_Physical",1
Europe,Carey Young,Report from the legal subcommittee,https://kadist.org/work/report-from-the-legal-subcommittee/,"Material_Physical,Society,Individual_Personal","Society,Cultural,Individual_Personal",2
Asia,Leung Chi Wo and Wong Sara,Photojournalist With Two Cameras,https://kadist.org/work/photojournalist-with-two-cameras/,"Cultural,Politics,Society","Cultural,Individual_Personal,Material_Physical",1
Asia,Jakrawal Nilthamrong,Man and Gravity,https://kadist.org/work/man-and-gravity/,"Material_Physical,Society",Cultural,0
Europe,Adelita Husni-Bey,Postcards from the Desert Island,https://kadist.org/work/postcards-from-the-desert-island/,"Cultural,Politics,Individual_Personal","Cultural,Politics,Material_Physical",2
Europe,Slavs and Tatars,Wheat Mollah,https://kadist.org/work/wheat-mollah/,"Individual_Personal,Material_Physical","Cultural,Material_Physical,Individual_Personal",2
Americas,Daniel Keller,Soft Staycation (Gaze Track Edit),https://kadist.org/work/soft-staycation-gaze-track-edit/,"Society,Cultural,Material_Physical","Society,Politics,Material_Physical",2
Americas,Fernanda Gomes,Untitled,https://kadist.org/work/untitled-14/,"Individual_Personal,Material_Physical,Politics","Cultural,Material_Physical,Individual_Personal",2
Europe,Karla Black,Not Today,https://kadist.org/work/not-today/,Material_Physical,"Cultural,Individual_Personal,Society",0
Europe,Em'kal Eyongakpa,Untitled 1 (Naked Routes),https://kadist.org/work/untitled-15/,"Cultural,Material_Physical,Individual_Personal","Individual_Personal,Cultural,Society",2
Americas,Lucas Blalock,"three, three, three",https://kadist.org/work/three-three-three/,"Cultural,Material_Physical","Cultural,Material_Physical,Individual_Personal",2
Unspecified,Robert Zhao Renhui,Expedition #46,https://kadist.org/work/expedition-46-from-the-series-the-glacier-study-group-2/,"Cultural,Material_Physical,Politics","Cultural,Material_Physical,Individual_Personal",2
Asia,Kwan Sheung Chi,TWO MILLION (Hong Kong Dollar),https://kadist.org/work/two-million-hong-kong-dollar/,"Individual_Personal,Society,Material_Physical","Individual_Personal,Cultural,Material_Physical",2
Asia,Kiran Subbaiah,Flight Rehearsals,https://kadist.org/work/flight-rehearsals/,"Individual_Personal,Society,Material_Physical","Individual_Personal,Society,Cultural",2
Middle East & Africa,Dominique Zinkpè,Cosmos animiste,https://kadist.org/work/cosmos-animiste/,"Individual_Personal,Material_Physical,Cultural","Individual_Personal,Cultural,Society",2
Asia,Hayoun Kwon,Lack of Evidence,https://kadist.org/work/lack-of-evidence/,"Material_Physical,Individual_Personal,Society","Cultural,Individual_Personal,Material_Physical",2
Unspecified,Daniela Ortiz,General Joan Prim i Prats,https://kadist.org/work/general-joan-prim/,"Politics,Society,Individual_Personal","Cultural,Society,Material_Physical",1
Middle East & Africa,Köken Ergun,Ashura,https://kadist.org/work/untitled-21/,"Society,Individual_Personal,Cultural","Society,Cultural,Individual_Personal",3
Europe,Paul Czerlitzki,Ohne Tittle,https://kadist.org/work/ohne-tittle/,"Cultural,Society,Material_Physical","Cultural,Society,Politics",2
Europe,Nora Schultz,City Song of Rug,https://kadist.org/work/city-song-rug/,"Society,Cultural,Material_Physical","Cultural,Individual_Personal,Society",2
Middle East & Africa,Hossein Valamanesh,Runner,https://kadist.org/work/runner/,"Individual_Personal,Cultural,Material_Physical","Cultural,Individual_Personal,Society",2
Asia,Lee Kit,Tender,https://kadist.org/work/untitled-25/,"Society,Cultural,Individual_Personal","Material_Physical,Individual_Personal,Cultural",2
Americas,Uri Aran,Game II,https://kadist.org/work/game-ii/,"Cultural,Society,Individual_Personal","Cultural,Society,Individual_Personal",3
Europe,Marie Voignier,Tourisme international,https://kadist.org/work/untitled-27/,"Society,Material_Physical,Politics","Individual_Personal,Cultural,Society",1
Americas,Ed Ruscha,Whose Needs,https://kadist.org/work/whose-needs/,"Cultural,Material_Physical,Society","Cultural,Society,Material_Physical",3
Americas,Conrad Ruiz,Blockbuster,https://kadist.org/work/blockbuster/,"Cultural,Society,Individual_Personal","Cultural,Individual_Personal,Society",3
Americas,Clare Rojas,Untitled (Bird and Eyes),https://kadist.org/work/untitled-bird-and-eyes/,"Individual_Personal,Cultural,Material_Physical","Material_Physical,Individual_Personal,Politics",2
Americas,Clare Rojas,Untitled (Four-legged figure with three arms),https://kadist.org/work/untitled-four-legged-figure-with-three-arms/,"Individual_Personal,Cultural,Material_Physical","Material_Physical,Individual_Personal,Politics",2
Americas,Charles Ray,All My Clothes,https://kadist.org/work/all-my-clothes/,"Cultural,Individual_Personal,Material_Physical","Individual_Personal,Cultural,Material_Physical",3
Americas,Chadwick Rantanen,Telescopic Pole (Tennis Balls Red) and (Tennis Balls),https://kadist.org/work/telescopic-pole-tennis-balls-red-and-tennis-balls/,"Cultural,Society,Politics","Individual_Personal,Cultural,Material_Physical",1
Americas,Raymond Pettibon,Untitled (Superman),https://kadist.org/work/untitled-superman/,"Cultural,Individual_Personal,Material_Physical","Cultural,Individual_Personal,Material_Physical",3
Europe,Fabrice Hyber,Valz,https://kadist.org/work/valz/,"Cultural,Individual_Personal,Material_Physical","Society,Cultural,Individual_Personal",2
Europe,Alban Hajdinaj,Wash & Go,https://kadist.org/work/wash-go/,"Material_Physical,Cultural,Politics","Society,Material_Physical,Cultural",2
Europe,Loris Gréaud,Dream Machines,https://kadist.org/work/dream-machines/,"Individual_Personal,Cultural,Politics","Material_Physical,Society,Cultural",1
Europe,Felix Gmelin,Ambiguous Gestures,https://kadist.org/work/ambiguous-gestures/,"Cultural,Individual_Personal","Material_Physical,Cultural,Individual_Personal",2
Middle East & Africa,Omer Fast,De Grote Boodschap,https://kadist.org/work/de-grote-boodschap/,"Politics,Society,Material_Physical","Cultural,Material_Physical,Individual_Personal",1
Asia,Jun Nguyen Hatsushiba,Ho! Ho! Ho! Merry Christmas: Battle of Easel Point - Memorial Project Okinawa,https://kadist.org/work/ho-ho-ho-merry-christmas-battle-of-easel-point-memorial-project-okinawa/,"Individual_Personal,Society,Cultural","Cultural,Individual_Personal,Society",3
Americas,Philip-Lorca diCorcia,New York City,https://kadist.org/work/new-york-city/,"Material_Physical,Individual_Personal,Cultural",,0
Europe,Julius Koller,UFO-Expedition (U.F.O.),https://kadist.org/work/ufo-expedition-u-f-o/,"Individual_Personal,Material_Physical,Cultural","Individual_Personal,Cultural,Material_Physical",3
Europe,Kristof Kintera,Bad innovation in the name of protection (Gulf Style),https://kadist.org/work/bad-innovation-in-the-name-of-protection-gulf-style/,"Society,Cultural,Politics","Individual_Personal,Material_Physical,Society",1
Europe,Thomas Kilpper,John Heartfield and Silvio Berlusconi,https://kadist.org/work/john-heartfield-and-silvio-berlusconi/,"Material_Physical,Society,Politics","Cultural,Material_Physical,Individual_Personal",1
Europe,Christian Jankowski,Rooftop Routine,https://kadist.org/work/rooftop-routine/,"Cultural,Politics,Society","Society,Cultural,Politics",3
Americas,John Isaacs,A child and dreamer my whole life long (broken tree),https://kadist.org/work/a-child-and-dreamer-my-whole-life-long-broken-tree/,"Material_Physical,Individual_Personal,Society","Cultural,Material_Physical,Individual_Personal",2
Europe,Fabrice Hyber,Cellman,https://kadist.org/work/cellman/,"Cultural,Individual_Personal","Material_Physical,Cultural,Individual_Personal",2
Europe,Deimantas Narkevicius,The Dud Effect,https://kadist.org/work/the-dud-effect/,"Individual_Personal,Society,Politics","Cultural,Material_Physical",0
Europe,Martin Boyce,"Our love is like the Flowers, the Rain, the Sea and the Hours",https://kadist.org/work/our-love-is-like-the-flowers-the-rain-the-sea-and-the-hours/,"Cultural,Material_Physical,Individual_Personal","Material_Physical,Cultural,Society",2
Europe,Ceal Floyer,No Position Available,https://kadist.org/work/no-position-available/,"Society,Cultural,Material_Physical","Individual_Personal,Material_Physical,Cultural",2
Europe,Katinka Bock,Couler un tas de pierres,https://kadist.org/work/couler-un-tas-de-pierres/,"Cultural,Material_Physical,Society","Material_Physical,Cultural,Individual_Personal",2
Europe,Katinka Bock,First Piano,https://kadist.org/work/first-piano/,Material_Physical,Material_Physical,1
Middle East & Africa,Michal Chelbin,Strangely familiar: Angelina with her father,https://kadist.org/work/strangely-familiar-angelina-with-her-father/,"Individual_Personal,Material_Physical,Society","Cultural,Material_Physical,Individual_Personal",2
Americas,Jordan Wolfson,Dreaming of the dream of the dream,https://kadist.org/work/dreaming-of-the-dream-of-the-dream/,"Cultural,Material_Physical,Society","Cultural,Individual_Personal,Material_Physical",2
Europe,Matti Braun,Ohne Titel,https://kadist.org/work/ohne-titel/,"Politics,Cultural,Society","Material_Physical,Society,Individual_Personal",1
Europe,Anna Molska,Perspective,https://kadist.org/work/perspective/,"Material_Physical,Society,Individual_Personal","Cultural,Politics,Material_Physical",1
Europe,Laurent Montaron,What remains is future,https://kadist.org/work/what-remains-is-future/,"Society,Cultural,Material_Physical","Cultural,Individual_Personal,Politics",1
Europe,Trevor Yeung,We both died at the same moment Siliquaria armata,https://kadist.org/work/we-both-died/,"Material_Physical,Cultural,Individual_Personal","Material_Physical,Individual_Personal,Society",2
Europe,Ryan Gander,A vehicle with no Lights,https://kadist.org/work/a-vehicle-with-no-lights/,"Cultural,Politics,Individual_Personal","Cultural,Individual_Personal,Material_Physical",2
Europe,Kennedy Browne,Milton Friedman on the wonder of the free market pencil,https://kadist.org/work/milton-friedman-on-the-wonder-of-the-free-market-pencil/,"Cultural,Politics,Material_Physical","Cultural,Individual_Personal,Politics",2
Europe,Clemens von Wedemeyer,Die Siedlung,https://kadist.org/work/die-siedlung/,"Cultural,Society,Politics","Cultural,Individual_Personal,Society",2
Europe,Toby Ziegler,The Fifth Quarter,https://kadist.org/work/the-fifth-quarter/,"Cultural,Material_Physical,Individual_Personal","Individual_Personal,Cultural,Material_Physical",3
Europe,Toby Ziegler,Wagon Wheel,https://kadist.org/work/wagon-wheel/,"Cultural,Individual_Personal,Society","Cultural,Material_Physical",1
Europe,Bruno Pacheco,En Guard Souvenir,https://kadist.org/work/en-guard-souvenir/,"Material_Physical,Society,Individual_Personal","Cultural,Society,Politics",1
Middle East & Africa,Taysir Batniji,Fathers #18 and Fathers #27,https://kadist.org/work/fathers-18-and-fathers-27/,"Material_Physical,Individual_Personal,Politics","Individual_Personal,Cultural,Material_Physical",2
Unspecified,Milena Bonilla,Stone Deaf,https://kadist.org/work/stone-deaf/,"Politics,Society,Material_Physical","Cultural,Society,Individual_Personal",1
Unspecified,Carlos Amorales,From Useless Wonder 04,https://kadist.org/work/from-useless-wonder-04/,"Cultural,Society,Material_Physical","Individual_Personal,Cultural,Material_Physical",2
Unspecified,Pablo Accinelli,Onde quer voce esteja (Wherever you may be),https://kadist.org/work/onde-quer-voce-esteja-wherever-you-may-be/,"Cultural,Material_Physical,Individual_Personal","Individual_Personal,Cultural,Material_Physical",3
Unspecified,Wong Hoy Cheong,Re: Looking,https://kadist.org/work/re-looking/,"Cultural,Society,Material_Physical","Cultural,Material_Physical,Individual_Personal",2
Asia,Zhou Tao,One Two Three Four,https://kadist.org/work/one-two-three-four/,"Society,Cultural,Material_Physical","Society,Cultural,Politics",2
Asia,Koki Tanaka,Process of Blowing Flour,https://kadist.org/work/process-of-blowing-flour/,"Individual_Personal,Material_Physical,Cultural","Individual_Personal,Cultural,Material_Physical",3
Asia,Koki Tanaka,Walking Through,https://kadist.org/work/walking-through/,"Material_Physical,Society,Cultural","Material_Physical,Cultural,Society",3
Unspecified,Eko Nugroho,Its Always Fun to Live in This Country,https://kadist.org/work/its-always-fun-to-live-in-this-country/,"Cultural,Material_Physical,Individual_Personal","Cultural,Individual_Personal,Material_Physical",3
Asia,Minouk Lim,New Town Ghost,https://kadist.org/work/new-town-ghost/,"Politics,Society,Cultural","Individual_Personal,Cultural,Material_Physical",1
Unspecified,Jompet Kuswidananto,Third Realm Venice Series #2,https://kadist.org/work/third-realm-venice-series-2/,"Material_Physical,Society,Politics","Individual_Personal,Cultural,Society",1
Asia,Jianwei Wang,"Dilemma, three way of fork in the road",https://kadist.org/work/dilemma-three-way-of-fork-in-the-road/,"Cultural,Society","Individual_Personal,Cultural,Material_Physical",1
Asia,Gimhongsok,Bunny’s Sofa,https://kadist.org/work/bunnys-sofa/,"Individual_Personal,Society,Cultural","Cultural,Individual_Personal,Politics",2
Europe,Melvin Moti,The Prisoner’s Cinema,https://kadist.org/work/the-prisoners-cinema/,"Individual_Personal,Society,Politics","Cultural,Individual_Personal,Material_Physical",1
Europe,David Maljkovic,These Days,https://kadist.org/work/these-days/,"Individual_Personal,Society,Material_Physical","Material_Physical,Individual_Personal,Politics",2
Europe,Pierre Leguillon,"Diane Arbus: A printed retrospective, 1960-1971",https://kadist.org/work/diane-arbus-a-printed-retrospective-1960-1971/,"Cultural,Society,Individual_Personal","Cultural,Individual_Personal,Material_Physical",2
Europe,Claire Fontaine,Foreigners Everywhere (Italian),https://kadist.org/work/foreigners-everywhere-italian/,"Individual_Personal,Society,Politics","Individual_Personal,Cultural,Society",2
Americas,Felipe Arturo,Primero Estaba el Mar,https://kadist.org/work/primero-estaba-el-mar/,"Material_Physical,Society,Individual_Personal","Individual_Personal,Cultural,Material_Physical",2
Americas,Nicolás Consuegra,Nadie sabe de la sed con que otro bebe (No one knows the thirst with which another drinks),https://kadist.org/work/nadie-sabe-con-la-sed-que-otro-bebe/,Material_Physical,"Society,Individual_Personal,Material_Physical",1
Americas,Javier M. Rodríguez,Going Round and Round in a Line ST (12m),https://kadist.org/work/going-round-and-round-in-a-line-st-12m/,"Politics,Cultural,Material_Physical","Politics,Cultural,Society",2
Unspecified,Jazmín López,Juego Vivo,https://kadist.org/work/juego-vivo/,"Individual_Personal,Politics,Society","Cultural,Society,Individual_Personal",2
Asia,Chitti Kasemkitvatana,mo(nu)ment/mem(y)orial(another transmission,https://kadist.org/work/monumentmemyorialanother-transmission/,"Cultural,Material_Physical,Individual_Personal","Cultural,Individual_Personal,Society",2
Europe,Asier Mendizabal,"Rotation (Moiré, Rome)",https://kadist.org/work/rotation-moire-rome/,"Society,Politics,Cultural","Individual_Personal,Cultural,Material_Physical",1
Americas,Arabella Campbell,Gradation,https://kadist.org/work/gradation/,Material_Physical,"Material_Physical,Politics,Individual_Personal",1
Europe,Clément Rodzielski,Untitled,https://kadist.org/work/sans-titre/,"Material_Physical,Cultural,Individual_Personal","Cultural,Society,Individual_Personal",2
Unspecified,Imran Qureshi,You who are my love and my life’s enemy too,https://kadist.org/work/you-who-are-my-love-and-my-lifes-enemy-too/,"Society,Individual_Personal,Material_Physical","Material_Physical,Individual_Personal,Cultural",2
Europe,Bettina Pousttchi,Echo 8,https://kadist.org/work/echo-8/,"Material_Physical,Cultural,Society","Cultural,Society,Individual_Personal",2
Europe,Ciprian Muresan,Untitled (Monks),https://kadist.org/work/untitled-monks/,"Cultural,Material_Physical,Individual_Personal","Politics,Cultural,Society",1
Europe,Lydia Gifford,Warder,https://kadist.org/work/warder/,"Material_Physical,Individual_Personal","Politics,Society,Cultural",0
Europe,Mike Cooter,Forensic Poster,https://kadist.org/work/forensic-poster/,"Cultural,Individual_Personal,Material_Physical","Society,Cultural,Individual_Personal",2
Americas,Larry Bell,VFGY9,https://kadist.org/work/vfgy9/,"Material_Physical,Society,Individual_Personal","Cultural,Individual_Personal,Material_Physical",2
Americas,Larry Bell,Untitled (Construction),https://kadist.org/work/untitled-construction/,"Cultural,Individual_Personal,Material_Physical","Cultural,Society,Individual_Personal",2
Americas,Stephen Beal,Beau Soleil #7,https://kadist.org/work/beau-soleil-7/,"Cultural,Material_Physical,Society","Cultural,Individual_Personal,Material_Physical",2
Americas,John Baldessari,"Person with Pillow: Desire, Lust, Fate",https://kadist.org/work/person-with-pillow-desire-lust-fate/,"Individual_Personal,Society,Material_Physical","Individual_Personal,Society",2
Americas,John Baldessari,One Must,https://kadist.org/work/one-must/,"Cultural,Politics,Society","Cultural,Individual_Personal,Material_Physical",1
Americas,Edgar Arceneaux,Untitled (Wheelchair drawing),https://kadist.org/work/untitled-wheelchair-drawing/,"Cultural,Society,Individual_Personal","Cultural,Society,Individual_Personal",3
Americas,Doug Aitken,Frontier-Linear,https://kadist.org/work/frontier-linear/,"Material_Physical,Politics,Cultural","Cultural,Individual_Personal",1
Americas,Zarouhie Abdalian,Flutter,https://kadist.org/work/flutter/,"Individual_Personal,Cultural,Material_Physical","Cultural,Society,Individual_Personal",2
Americas,Alexis Smith,Iron Sorrows,https://kadist.org/work/iron-sorrows/,Material_Physical,"Material_Physical,Society,Individual_Personal",1
Europe,Jeremy Deller,Beyond the White Walls,https://kadist.org/work/beyond-the-white-walls/,"Society,Cultural,Politics","Society,Individual_Personal,Material_Physical",1
Asia,Zhou Tao,After Reality,https://kadist.org/work/after-reality/,"Society,Material_Physical,Individual_Personal","Individual_Personal,Cultural,Material_Physical",2
Americas,Lucas Blalock,Tree on Keystone,https://kadist.org/work/tree-on-keystone/,"Cultural,Material_Physical,Politics","Cultural,Individual_Personal",1
Americas,Jeff Burton,Eniko Mihalik,https://kadist.org/work/eniko-mihalik/,"Cultural,Individual_Personal,Politics","Cultural,Individual_Personal,Material_Physical",2
Americas,Kori Newkirk,LAB,https://kadist.org/work/lab/,"Individual_Personal,Material_Physical,Cultural","Material_Physical,Individual_Personal",2
Americas,Futurefarmers,A Variation on Powers of Ten,https://kadist.org/work/a-variation-on-powers-of-ten/,"Material_Physical,Cultural,Individual_Personal","Individual_Personal,Cultural,Material_Physical",3
Americas,Jennifer West,Dawn Surf Jellybowl,https://kadist.org/work/dawn-surf-jellybowl/,"Cultural,Society,Politics","Cultural,Society,Material_Physical",2
Middle East & Africa,Yael Bartana,A Declaration,https://kadist.org/work/a-declaration/,"Individual_Personal,Material_Physical,Society","Cultural,Politics,Society",1
Europe,Mark Leckey,Made in Heaven,https://kadist.org/work/made-in-heaven/,"Cultural,Individual_Personal","Cultural,Individual_Personal,Material_Physical",2
Europe,Tobias Rehberger,9 O’clock? (my time is not your time),https://kadist.org/work/9-oclock-my-time-is-not-your-time/,"Individual_Personal,Material_Physical,Cultural","Material_Physical,Individual_Personal,Society",2
Europe,Nathalie Djurberg,Once Removed on my Mother’s Side,https://kadist.org/work/once-removed-on-my-mothers-side/,"Cultural,Individual_Personal,Politics","Cultural,Society,Individual_Personal",2
Europe,Nathalie Djurberg,Hans Forlorara sina bada amar och ben,https://kadist.org/work/hans-forlorara-sina/,"Cultural,Individual_Personal,Politics","Cultural,Individual_Personal,Society",2
Americas,Dennis Adams,Make Down,https://kadist.org/work/make-down/,"Cultural,Society,Individual_Personal","Cultural,Politics,Society",2
Americas,Dennis Adams,The End,https://kadist.org/work/the-end/,"Cultural,Society,Politics","Cultural,Society,Material_Physical",2
Middle East & Africa,Santu Mofokeng,"Sangoma Cleansing Ritual at Kliprivier, Soweto",https://kadist.org/work/sangoma-cleansing-ritual-at-kliprivier-soweto/,"Society,Material_Physical,Cultural",,0
Middle East & Africa,Santu Mofokeng,"Altar at Kliprivier, Soweto",https://kadist.org/work/altar-at-kliprivier-soweto/,"Society,Material_Physical,Cultural",,0
Americas,Elisheva Biernoff,They Were Here,https://kadist.org/work/they-were-here/,"Cultural,Individual_Personal,Material_Physical","Individual_Personal,Cultural,Material_Physical",3
Americas,Jeff Burton,Negligee,https://kadist.org/work/negligee/,"Individual_Personal,Cultural,Politics","Individual_Personal,Cultural,Politics",3
Americas,Felipe Arturo,Trópico entrópico,https://kadist.org/work/tropico-entropico/,"Society,Politics,Cultural","Cultural,Society,Individual_Personal",2
Americas,Pia Camil,Espectacular cortina,https://kadist.org/work/espectacular-cortina/,"Cultural,Material_Physical,Society","Cultural,Society,Material_Physical",3
Americas,Michelle Handelman,"Dorian, a cinematic perfume",https://kadist.org/work/dorian-a-cinematic-perfume/,"Society,Cultural,Material_Physical","Individual_Personal,Cultural,Society",2
Unspecified,Humberto Diaz,Observador Pasivo,https://kadist.org/work/observador-pasivo/,"Society,Material_Physical,Politics","Material_Physical,Cultural,Individual_Personal",1
Americas,Humberto Diaz,3600 besos por hora,https://kadist.org/work/3600-besos-por-hora/,"Society,Material_Physical,Politics","Material_Physical,Cultural,Individual_Personal",1
Unspecified,Sergio De La Torre,This is not in Spanish,https://kadist.org/work/this-is-not-in-spanish/,"Politics,Society,Material_Physical","Individual_Personal,Cultural",0
Unspecified,Edgardo Aragón,Efectos de familia,https://kadist.org/work/efectos-de-familia/,"Cultural,Society,Material_Physical","Cultural,Politics,Society",2
Unspecified,Mauricio Ancalmo,War Footage,https://kadist.org/work/war-footage/,"Cultural,Material_Physical,Individual_Personal",Cultural,1
Unspecified,Pedro Reyes,Los Mutantes,https://kadist.org/work/los-mutantes/,"Material_Physical,Politics,Society","Individual_Personal,Material_Physical,Cultural",1
Unspecified,Edgar Orlaineta,"Solar Do (It Yourself) Nothing Toy, After Charles Eames",https://kadist.org/work/solar-do-it-yourself-nothing-toy-after-charles-eames/,"Cultural,Material_Physical,Society","Cultural,Society,Individual_Personal",2
Unspecified,Marepe,Periquitos (Parakeets),https://kadist.org/work/periquitos-parakeets/,"Material_Physical,Society,Cultural","Society,Material_Physical,Cultural",3
Unspecified,Voluspa Jarpa,Minimal Secret,https://kadist.org/work/minimal-secret/,"Material_Physical,Cultural,Society","Cultural,Politics,Material_Physical",2
Americas,Jeffrey Vallance,Rocket,https://kadist.org/work/rocket/,"Cultural,Politics,Individual_Personal","Cultural,Material_Physical,Individual_Personal",2
Americas,Mungo Thomson,The White Album,https://kadist.org/work/the-white-album/,"Cultural,Society,Individual_Personal","Individual_Personal,Cultural,Material_Physical",2
Americas,Mungo Thomson,Untitled (TIME),https://kadist.org/work/untitled-time/,"Material_Physical,Cultural,Society","Cultural,Material_Physical,Society",3
Americas,Robert Therrien,Untitled (Blue Chapel),https://kadist.org/work/untitled-blue-chapel/,"Cultural,Individual_Personal,Material_Physical","Individual_Personal,Cultural,Material_Physical",3
Americas,Diana Thater,Perpetual Motion Two,https://kadist.org/work/perpetual-motion-two/,"Material_Physical,Politics,Individual_Personal","Material_Physical,Individual_Personal,Society",2
Americas,Ron Terada,"Maiko #1, #2, #3",https://kadist.org/work/maiko-1-2-3/,"Society,Individual_Personal,Material_Physical","Individual_Personal,Cultural,Material_Physical",2
Americas,Mark Soo,That’s That’s Alright Alright Mama Mama,https://kadist.org/work/thats-thats-alright-alright-mama-mama/,"Cultural,Material_Physical,Society","Cultural,Individual_Personal,Material_Physical",2
Americas,Ben Shaffer,Ben Deroy,https://kadist.org/work/ben-deroy/,"Cultural,Individual_Personal,Material_Physical","Cultural,Individual_Personal",2
Americas,Allan Sekula,"California Stories Attempt to correlate social class with elevation above main harbor channel (San Pedro, July 1975)",https://kadist.org/work/california-stories-attempt-to-correlate-social-class-with-elevation-above-main-harbor-channel-san-pedro-july-1975/,"Material_Physical,Society,Politics","Individual_Personal,Cultural,Society",1
Americas,Ilene Segalove,U.S. Treasury Nose,https://kadist.org/work/u-s-treasury-nose/,"Cultural,Individual_Personal,Material_Physical","Cultural,Material_Physical,Society",2
Americas,John Houck,"Baby Shoes, Never Worn",https://kadist.org/work/baby-shoes-never-worn/,"Individual_Personal,Society,Material_Physical","Cultural,Individual_Personal,Material_Physical",2
Americas,Ari Marcopoulos,Jackass,https://kadist.org/work/jackass/,"Society,Material_Physical","Cultural,Individual_Personal,Society",1
Americas,Ari Marcopoulos,Green Box,https://kadist.org/work/green-box/,"Material_Physical,Cultural,Society","Cultural,Politics,Society",2
Americas,Toyin Ojih Odutola,Prove how much you have grown,https://kadist.org/work/prove-how-much-you-have-grown/,"Cultural,Society,Material_Physical","Cultural,Material_Physical,Society",3
Americas,George Pfau,"Zombie Swallows the World, Swallowed by the World",https://kadist.org/work/zombie-swallows-the-world-swallowed-by-the-world/,"Politics,Individual_Personal","Material_Physical,Individual_Personal,Cultural",1
Europe,Pauline Boudry and Renate Lorenz,Salomania,https://kadist.org/work/salomania/,"Individual_Personal,Material_Physical,Society","Cultural,Individual_Personal,Material_Physical",2
Europe,Charles Avery,Untitled (Map),https://kadist.org/work/untitled-map/,"Cultural,Individual_Personal,Material_Physical","Individual_Personal,Cultural,Society",2
Americas,Will Rogan,Collapse,https://kadist.org/work/collapse/,"Politics,Cultural,Material_Physical","Material_Physical,Cultural,Individual_Personal",2
Americas,Eamon Ore-Giron,Bite Work,https://kadist.org/work/bite-work/,"Politics,Society,Individual_Personal","Individual_Personal,Cultural,Material_Physical",1
Americas,Yoshua Okón,Canned Laughter,https://kadist.org/work/canned-laughter/,"Cultural,Society,Politics","Cultural,Society,Individual_Personal",2
Americas,Ranu Mukherjee,"Color of History, Sweating Rocks",https://kadist.org/work/color-of-history-sweating-rocks/,"Society,Cultural,Politics","Cultural,Individual_Personal,Material_Physical",1
Americas,Julio Cesar Morales,Contrabando,https://kadist.org/work/contrabando/,"Society,Politics,Individual_Personal","Material_Physical,Cultural,Society",1
Americas,Jennifer Locke,Choke,https://kadist.org/work/choke/,"Individual_Personal,Society,Politics","Cultural,Material_Physical,Individual_Personal",1
Americas,Leonardogillesfleur,Myself as a Fountain,https://kadist.org/work/myself-as-a-fountain/,"Individual_Personal,Society,Material_Physical","Individual_Personal,Society",2
